Date of analysis,Country,Total country population,Validity period,From,To,Phase,Number,Percentage
#date+analysis,#country+code,#population,#period+v_ipc,#date+start,#date+end,#severity+v_ipc,#affected+num,#affected+pct
Oct 2024,AFG,46024352,current,2024-09-01,2024-10-31,all,46024354,1.0
Oct 2024,AFG,46024352,current,2024-09-01,2024-10-31,3+,11610606,0.25
Oct 2024,AFG,46024352,current,2024-09-01,2024-10-31,1,14192140,0.31
Oct 2024,AFG,46024352,current,2024-09-01,2024-10-31,2,20204146,0.44
Oct 2024,AFG,46024352,current,2024-09-01,2024-10-31,3,9798949,0.21
Oct 2024,AFG,46024352,current,2024-09-01,2024-10-31,4,1811656,0.04
Oct 2024,AFG,46024352,current,2024-09-01,2024-10-31,5,0,0
Oct 2024,AFG,46024352,first projection,2024-11-01,2025-03-31,all,46024354,1.0
Oct 2024,AFG,46024352,first projection,2024-11-01,2025-03-31,3+,14764724,0.32
Oct 2024,AFG,46024352,first projection,2024-11-01,2025-03-31,1,12534324,0.27
Oct 2024,AFG,46024352,first projection,2024-11-01,2025-03-31,2,18725306,0.41
Oct 2024,AFG,46024352,first projection,2024-11-01,2025-03-31,3,11642486,0.25
Oct 2024,AFG,46024352,first projection,2024-11-01,2025-03-31,4,3122238,0.07
Oct 2024,AFG,46024352,first projection,2024-11-01,2025-03-31,5,0,0
Jun 2021,AGO,32097671,current,2021-06-01,2021-09-30,all,2667790,1.0
Jun 2021,AGO,32097671,current,2021-06-01,2021-09-30,3+,1315532,0.49
Jun 2021,AGO,32097671,current,2021-06-01,2021-09-30,1,531260,0.2
Jun 2021,AGO,32097671,current,2021-06-01,2021-09-30,2,820998,0.31
Jun 2021,AGO,32097671,current,2021-06-01,2021-09-30,3,1008245,0.38
Jun 2021,AGO,32097671,current,2021-06-01,2021-09-30,4,307288,0.12
Jun 2021,AGO,32097671,current,2021-06-01,2021-09-30,5,0,0
Jun 2021,AGO,32097671,first projection,2021-10-01,2022-03-31,all,2750124,1.0
Jun 2021,AGO,32097671,first projection,2021-10-01,2022-03-31,3+,1583996,0.58
Jun 2021,AGO,32097671,first projection,2021-10-01,2022-03-31,1,482825,0.18
Jun 2021,AGO,32097671,first projection,2021-10-01,2022-03-31,2,683303,0.25
Jun 2021,AGO,32097671,first projection,2021-10-01,2022-03-31,3,1167337,0.42
Jun 2021,AGO,32097671,first projection,2021-10-01,2022-03-31,4,416660,0.15
Jun 2021,AGO,32097671,first projection,2021-10-01,2022-03-31,5,0,0
Oct 2024,BDI,13097396,current,2024-11-01,2024-12-31,all,12288863,1.0
Oct 2024,BDI,13097396,current,2024-11-01,2024-12-31,3+,1880764,0.15
Oct 2024,BDI,13097396,current,2024-11-01,2024-12-31,1,4076967,0.33
Oct 2024,BDI,13097396,current,2024-11-01,2024-12-31,2,6331132,0.52
Oct 2024,BDI,13097396,current,2024-11-01,2024-12-31,3,1702024,0.14
Oct 2024,BDI,13097396,current,2024-11-01,2024-12-31,4,178740,0.01
Oct 2024,BDI,13097396,current,2024-11-01,2024-12-31,5,0,0
Oct 2024,BDI,13097396,first projection,2025-01-01,2025-03-31,all,12288863,1.0
Oct 2024,BDI,13097396,first projection,2025-01-01,2025-03-31,3+,1212374,0.1
Oct 2024,BDI,13097396,first projection,2025-01-01,2025-03-31,1,5151281,0.42
Oct 2024,BDI,13097396,first projection,2025-01-01,2025-03-31,2,5925208,0.48
Oct 2024,BDI,13097396,first projection,2025-01-01,2025-03-31,3,1212374,0.1
Oct 2024,BDI,13097396,first projection,2025-01-01,2025-03-31,4,0,0
Oct 2024,BDI,13097396,first projection,2025-01-01,2025-03-31,5,0,0
Nov 2024,BEN,12915002,current,2024-10-01,2024-12-31,all,12915000,1.0
Nov 2024,BEN,12915002,current,2024-10-01,2024-12-31,3+,583765,0.05
Nov 2024,BEN,12915002,current,2024-10-01,2024-12-31,1,10214712,0.79
Nov 2024,BEN,12915002,current,2024-10-01,2024-12-31,2,2116522,0.16
Nov 2024,BEN,12915002,current,2024-10-01,2024-12-31,3,583765,0.05
Nov 2024,BEN,12915002,current,2024-10-01,2024-12-31,4,0,0
Nov 2024,BEN,12915002,current,2024-10-01,2024-12-31,5,0,0
Nov 2024,BEN,12915002,first projection,2025-06-01,2025-08-31,all,12915000,1.0
Nov 2024,BEN,12915002,first projection,2025-06-01,2025-08-31,3+,531573,0.04
Nov 2024,BEN,12915002,first projection,2025-06-01,2025-08-31,1,10323892,0.8
Nov 2024,BEN,12915002,first projection,2025-06-01,2025-08-31,2,2059534,0.16
Nov 2024,BEN,12915002,first projection,2025-06-01,2025-08-31,3,531573,0.04
Nov 2024,BEN,12915002,first projection,2025-06-01,2025-08-31,4,0,0
Nov 2024,BEN,12915002,first projection,2025-06-01,2025-08-31,5,0,0
Mar 2024,BFA,22969083,current,2024-03-01,2024-05-31,all,22969083,1.0
Mar 2024,BFA,22969083,current,2024-03-01,2024-05-31,3+,1749437,0.07
Mar 2024,BFA,22969083,current,2024-03-01,2024-05-31,1,17064478,0.74
Mar 2024,BFA,22969083,current,2024-03-01,2024-05-31,2,4155168,0.18
Mar 2024,BFA,22969083,current,2024-03-01,2024-05-31,3,1673313,0.07
Mar 2024,BFA,22969083,current,2024-03-01,2024-05-31,4,76124,0
Mar 2024,BFA,22969083,current,2024-03-01,2024-05-31,5,0,0
Mar 2024,BFA,22969083,first projection,2024-06-01,2024-08-31,all,22969083,1.0
Mar 2024,BFA,22969083,first projection,2024-06-01,2024-08-31,3+,2734196,0.12
Mar 2024,BFA,22969083,first projection,2024-06-01,2024-08-31,1,14992187,0.65
Mar 2024,BFA,22969083,first projection,2024-06-01,2024-08-31,2,5242700,0.23
Mar 2024,BFA,22969083,first projection,2024-06-01,2024-08-31,3,2310858,0.1
Mar 2024,BFA,22969083,first projection,2024-06-01,2024-08-31,4,423338,0.02
Mar 2024,BFA,22969083,first projection,2024-06-01,2024-08-31,5,0,0
Feb 2024,BGD,165158616,current,2024-02-01,2024-03-31,all,74209497,1.0
Feb 2024,BGD,165158616,current,2024-02-01,2024-03-31,3+,14581885,0.2
Feb 2024,BGD,165158616,current,2024-02-01,2024-03-31,1,31742270,0.42
Feb 2024,BGD,165158616,current,2024-02-01,2024-03-31,2,27885342,0.38
Feb 2024,BGD,165158616,current,2024-02-01,2024-03-31,3,14254138,0.19
Feb 2024,BGD,165158616,current,2024-02-01,2024-03-31,4,327747,0.01
Feb 2024,BGD,165158616,current,2024-02-01,2024-03-31,5,0,0
Feb 2024,BGD,165158616,first projection,2024-04-01,2024-10-31,all,74283840,1.0
Feb 2024,BGD,165158616,first projection,2024-04-01,2024-10-31,3+,16530681,0.22
Feb 2024,BGD,165158616,first projection,2024-04-01,2024-10-31,1,29251031,0.39
Feb 2024,BGD,165158616,first projection,2024-04-01,2024-10-31,2,28502128,0.38
Feb 2024,BGD,165158616,first projection,2024-04-01,2024-10-31,3,15745272,0.21
Feb 2024,BGD,165158616,first projection,2024-04-01,2024-10-31,4,785409,0.01
Feb 2024,BGD,165158616,first projection,2024-04-01,2024-10-31,5,0,0
Oct 2024,CAF,6470307,current,2024-09-01,2025-03-31,all,6470313,1.0
Oct 2024,CAF,6470307,current,2024-09-01,2025-03-31,3+,1970683,0.31
Oct 2024,CAF,6470307,current,2024-09-01,2025-03-31,1,1746917,0.27
Oct 2024,CAF,6470307,current,2024-09-01,2025-03-31,2,2752713,0.43
Oct 2024,CAF,6470307,current,2024-09-01,2025-03-31,3,1663412,0.26
Oct 2024,CAF,6470307,current,2024-09-01,2025-03-31,4,307271,0.05
Oct 2024,CAF,6470307,current,2024-09-01,2025-03-31,5,0,0
Oct 2024,CAF,6470307,first projection,2025-04-01,2025-08-31,all,6470313,1.0
Oct 2024,CAF,6470307,first projection,2025-04-01,2025-08-31,3+,2250572,0.35
Oct 2024,CAF,6470307,first projection,2025-04-01,2025-08-31,1,1519494,0.23
Oct 2024,CAF,6470307,first projection,2025-04-01,2025-08-31,2,2700247,0.42
Oct 2024,CAF,6470307,first projection,2025-04-01,2025-08-31,3,1820048,0.28
Oct 2024,CAF,6470307,first projection,2025-04-01,2025-08-31,4,430524,0.07
Oct 2024,CAF,6470307,first projection,2025-04-01,2025-08-31,5,0,0
Nov 2024,CIV,24601202,current,2024-10-01,2024-12-31,all,24601202,1.0
Nov 2024,CIV,24601202,current,2024-10-01,2024-12-31,3+,693659,0.03
Nov 2024,CIV,24601202,current,2024-10-01,2024-12-31,1,20264094,0.82
Nov 2024,CIV,24601202,current,2024-10-01,2024-12-31,2,3643450,0.15
Nov 2024,CIV,24601202,current,2024-10-01,2024-12-31,3,693659,0.03
Nov 2024,CIV,24601202,current,2024-10-01,2024-12-31,4,0,0
Nov 2024,CIV,24601202,current,2024-10-01,2024-12-31,5,0,0
Nov 2024,CIV,24601202,first projection,2025-06-01,2025-08-31,all,24601202,1.0
Nov 2024,CIV,24601202,first projection,2025-06-01,2025-08-31,3+,928820,0.04
Nov 2024,CIV,24601202,first projection,2025-06-01,2025-08-31,1,19291771,0.78
Nov 2024,CIV,24601202,first projection,2025-06-01,2025-08-31,2,4380610,0.18
Nov 2024,CIV,24601202,first projection,2025-06-01,2025-08-31,3,928820,0.04
Nov 2024,CIV,24601202,first projection,2025-06-01,2025-08-31,4,0,0
Nov 2024,CIV,24601202,first projection,2025-06-01,2025-08-31,5,0,0
Nov 2024,CMR,28456069,current,2024-10-01,2024-12-31,all,28456069,1.0
Nov 2024,CMR,28456069,current,2024-10-01,2024-12-31,3+,3080145,0.11
Nov 2024,CMR,28456069,current,2024-10-01,2024-12-31,1,19507779,0.69
Nov 2024,CMR,28456069,current,2024-10-01,2024-12-31,2,5868144,0.21
Nov 2024,CMR,28456069,current,2024-10-01,2024-12-31,3,2814832,0.1
Nov 2024,CMR,28456069,current,2024-10-01,2024-12-31,4,265314,0.01
Nov 2024,CMR,28456069,current,2024-10-01,2024-12-31,5,0,0
Nov 2024,CMR,28456069,first projection,2025-06-01,2025-08-31,all,28456069,1.0
Nov 2024,CMR,28456069,first projection,2025-06-01,2025-08-31,3+,2745751,0.1
Nov 2024,CMR,28456069,first projection,2025-06-01,2025-08-31,1,20159584,0.71
Nov 2024,CMR,28456069,first projection,2025-06-01,2025-08-31,2,5550733,0.2
Nov 2024,CMR,28456069,first projection,2025-06-01,2025-08-31,3,2514748,0.09
Nov 2024,CMR,28456069,first projection,2025-06-01,2025-08-31,4,231003,0.01
Nov 2024,CMR,28456069,first projection,2025-06-01,2025-08-31,5,0,0
Sep 2024,COD,118153541,current,2024-09-01,2024-12-31,all,115881715,1.0
Sep 2024,COD,118153541,current,2024-09-01,2024-12-31,3+,25552751,0.22
Sep 2024,COD,118153541,current,2024-09-01,2024-12-31,1,39378420,0.34
Sep 2024,COD,118153541,current,2024-09-01,2024-12-31,2,50950544,0.44
Sep 2024,COD,118153541,current,2024-09-01,2024-12-31,3,22436761,0.19
Sep 2024,COD,118153541,current,2024-09-01,2024-12-31,4,3115990,0.03
Sep 2024,COD,118153541,current,2024-09-01,2024-12-31,5,0,0
Sep 2024,COD,118153541,first projection,2025-01-01,2025-06-30,all,115881715,1.0
Sep 2024,COD,118153541,first projection,2025-01-01,2025-06-30,3+,25494607,0.22
Sep 2024,COD,118153541,first projection,2025-01-01,2025-06-30,1,38916344,0.34
Sep 2024,COD,118153541,first projection,2025-01-01,2025-06-30,2,51470764,0.44
Sep 2024,COD,118153541,first projection,2025-01-01,2025-06-30,3,22243071,0.19
Sep 2024,COD,118153541,first projection,2025-01-01,2025-06-30,4,3251536,0.03
Sep 2024,COD,118153541,first projection,2025-01-01,2025-06-30,5,0,0
Nov 2024,CPV,510243,current,2024-11-01,2024-12-31,all,510243,1.0
Nov 2024,CPV,510243,current,2024-11-01,2024-12-31,3+,41299,0.08
Nov 2024,CPV,510243,current,2024-11-01,2024-12-31,1,385022,0.75
Nov 2024,CPV,510243,current,2024-11-01,2024-12-31,2,83921,0.16
Nov 2024,CPV,510243,current,2024-11-01,2024-12-31,3,41299,0.08
Nov 2024,CPV,510243,current,2024-11-01,2024-12-31,4,0,0
Nov 2024,CPV,510243,current,2024-11-01,2024-12-31,5,0,0
Nov 2024,CPV,510243,first projection,2025-06-01,2025-08-31,all,510243,1.0
Nov 2024,CPV,510243,first projection,2025-06-01,2025-08-31,3+,35294,0.07
Nov 2024,CPV,510243,first projection,2025-06-01,2025-08-31,1,401419,0.79
Nov 2024,CPV,510243,first projection,2025-06-01,2025-08-31,2,73530,0.14
Nov 2024,CPV,510243,first projection,2025-06-01,2025-08-31,3,35294,0.07
Nov 2024,CPV,510243,first projection,2025-06-01,2025-08-31,4,0,0
Nov 2024,CPV,510243,first projection,2025-06-01,2025-08-31,5,0,0
Apr 2024,DJI,1181675,current,2024-04-01,2024-06-30,all,1181675,1.0
Apr 2024,DJI,1181675,current,2024-04-01,2024-06-30,3+,221259,0.19
Apr 2024,DJI,1181675,current,2024-04-01,2024-06-30,1,456966,0.39
Apr 2024,DJI,1181675,current,2024-04-01,2024-06-30,2,503450,0.43
Apr 2024,DJI,1181675,current,2024-04-01,2024-06-30,3,182795,0.15
Apr 2024,DJI,1181675,current,2024-04-01,2024-06-30,4,38465,0.03
Apr 2024,DJI,1181675,current,2024-04-01,2024-06-30,5,0,0
Apr 2024,DJI,1181675,first projection,2024-07-01,2024-12-31,all,1181675,1.0
Apr 2024,DJI,1181675,first projection,2024-07-01,2024-12-31,3+,285000,0.24
Apr 2024,DJI,1181675,first projection,2024-07-01,2024-12-31,1,421955,0.36
Apr 2024,DJI,1181675,first projection,2024-07-01,2024-12-31,2,474720,0.4
Apr 2024,DJI,1181675,first projection,2024-07-01,2024-12-31,3,232178,0.2
Apr 2024,DJI,1181675,first projection,2024-07-01,2024-12-31,4,52822,0.04
Apr 2024,DJI,1181675,first projection,2024-07-01,2024-12-31,5,0,0
Sep 2023,DOM,10711115,current,2023-09-01,2023-11-30,all,10711155,1.0
Sep 2023,DOM,10711115,current,2023-09-01,2023-11-30,3+,1206438,0.11
Sep 2023,DOM,10711115,current,2023-09-01,2023-11-30,1,7189781,0.67
Sep 2023,DOM,10711115,current,2023-09-01,2023-11-30,2,2314936,0.22
Sep 2023,DOM,10711115,current,2023-09-01,2023-11-30,3,1173051,0.11
Sep 2023,DOM,10711115,current,2023-09-01,2023-11-30,4,33387,0
Sep 2023,DOM,10711115,current,2023-09-01,2023-11-30,5,0,0
Sep 2023,DOM,10711115,first projection,2023-12-01,2024-04-30,all,10795677,1.0
Sep 2023,DOM,10711115,first projection,2023-12-01,2024-04-30,3+,1095010,0.1
Sep 2023,DOM,10711115,first projection,2023-12-01,2024-04-30,1,7412096,0.69
Sep 2023,DOM,10711115,first projection,2023-12-01,2024-04-30,2,2288571,0.21
Sep 2023,DOM,10711115,first projection,2023-12-01,2024-04-30,3,1075281,0.1
Sep 2023,DOM,10711115,first projection,2023-12-01,2024-04-30,4,19729,0
Sep 2023,DOM,10711115,first projection,2023-12-01,2024-04-30,5,0,0
Sep 2023,DOM,10711115,second projection,2024-05-01,2024-08-31,all,10795677,1.0
Sep 2023,DOM,10711115,second projection,2024-05-01,2024-08-31,3+,1041674,0.09
Sep 2023,DOM,10711115,second projection,2024-05-01,2024-08-31,1,7513332,0.7
Sep 2023,DOM,10711115,second projection,2024-05-01,2024-08-31,2,2240671,0.21
Sep 2023,DOM,10711115,second projection,2024-05-01,2024-08-31,3,1021226,0.09
Sep 2023,DOM,10711115,second projection,2024-05-01,2024-08-31,4,20448,0
Sep 2023,DOM,10711115,second projection,2024-05-01,2024-08-31,5,0,0
Aug 2024,ECU,17966573,current,2024-06-01,2024-08-31,all,17966573,1.0
Aug 2024,ECU,17966573,current,2024-06-01,2024-08-31,3+,2579266,0.14
Aug 2024,ECU,17966573,current,2024-06-01,2024-08-31,1,10429446,0.58
Aug 2024,ECU,17966573,current,2024-06-01,2024-08-31,2,4957860,0.28
Aug 2024,ECU,17966573,current,2024-06-01,2024-08-31,3,2382488,0.13
Aug 2024,ECU,17966573,current,2024-06-01,2024-08-31,4,196779,0.01
Aug 2024,ECU,17966573,current,2024-06-01,2024-08-31,5,0,0
Aug 2024,ECU,17966573,first projection,2024-09-01,2025-03-31,all,18103660,1.0
Aug 2024,ECU,17966573,first projection,2024-09-01,2025-03-31,3+,2729051,0.15
Aug 2024,ECU,17966573,first projection,2024-09-01,2025-03-31,1,10174249,0.56
Aug 2024,ECU,17966573,first projection,2024-09-01,2025-03-31,2,5200360,0.29
Aug 2024,ECU,17966573,first projection,2024-09-01,2025-03-31,3,2530642,0.14
Aug 2024,ECU,17966573,first projection,2024-09-01,2025-03-31,4,198409,0.01
Aug 2024,ECU,17966573,first projection,2024-09-01,2025-03-31,5,0,0
May 2021,ETH,114964000,current,2021-05-01,2021-06-30,all,56346877,1.0
May 2021,ETH,114964000,current,2021-05-01,2021-06-30,3+,16756345,0.3
May 2021,ETH,114964000,current,2021-05-01,2021-06-30,1,22380046,0.4
May 2021,ETH,114964000,current,2021-05-01,2021-06-30,2,17210486,0.31
May 2021,ETH,114964000,current,2021-05-01,2021-06-30,3,12072236,0.21
May 2021,ETH,114964000,current,2021-05-01,2021-06-30,4,4331214,0.08
May 2021,ETH,114964000,current,2021-05-01,2021-06-30,5,352896,0.01
May 2021,ETH,114964000,first projection,2021-07-01,2021-09-30,all,19749101,1.0
May 2021,ETH,114964000,first projection,2021-07-01,2021-09-30,3+,7386290,0.37
May 2021,ETH,114964000,first projection,2021-07-01,2021-09-30,1,6364779,0.32
May 2021,ETH,114964000,first projection,2021-07-01,2021-09-30,2,5998032,0.3
May 2021,ETH,114964000,first projection,2021-07-01,2021-09-30,3,4558999,0.23
May 2021,ETH,114964000,first projection,2021-07-01,2021-09-30,4,2425979,0.12
May 2021,ETH,114964000,first projection,2021-07-01,2021-09-30,5,401313,0.02
Mar 2024,GHA,32155877,current,2024-03-01,2024-05-31,all,32155877,1.0
Mar 2024,GHA,32155877,current,2024-03-01,2024-05-31,3+,1152381,0.04
Mar 2024,GHA,32155877,current,2024-03-01,2024-05-31,1,26646267,0.83
Mar 2024,GHA,32155877,current,2024-03-01,2024-05-31,2,4357229,0.14
Mar 2024,GHA,32155877,current,2024-03-01,2024-05-31,3,1132514,0.04
Mar 2024,GHA,32155877,current,2024-03-01,2024-05-31,4,19868,0
Mar 2024,GHA,32155877,current,2024-03-01,2024-05-31,5,0,0
Mar 2024,GHA,32155877,first projection,2024-06-01,2024-08-31,all,32155877,1.0
Mar 2024,GHA,32155877,first projection,2024-06-01,2024-08-31,3+,1053535,0.03
Mar 2024,GHA,32155877,first projection,2024-06-01,2024-08-31,1,26678393,0.83
Mar 2024,GHA,32155877,first projection,2024-06-01,2024-08-31,2,4423950,0.14
Mar 2024,GHA,32155877,first projection,2024-06-01,2024-08-31,3,1034167,0.03
Mar 2024,GHA,32155877,first projection,2024-06-01,2024-08-31,4,19368,0
Mar 2024,GHA,32155877,first projection,2024-06-01,2024-08-31,5,0,0
Nov 2024,GIN,14048921,current,2024-10-01,2024-12-31,all,14048921,1.0
Nov 2024,GIN,14048921,current,2024-10-01,2024-12-31,3+,920223,0.07
Nov 2024,GIN,14048921,current,2024-10-01,2024-12-31,1,10291129,0.73
Nov 2024,GIN,14048921,current,2024-10-01,2024-12-31,2,2837569,0.2
Nov 2024,GIN,14048921,current,2024-10-01,2024-12-31,3,920223,0.07
Nov 2024,GIN,14048921,current,2024-10-01,2024-12-31,4,0,0
Nov 2024,GIN,14048921,current,2024-10-01,2024-12-31,5,0,0
Nov 2024,GIN,14048921,first projection,2025-06-01,2025-08-31,all,14048921,1.0
Nov 2024,GIN,14048921,first projection,2025-06-01,2025-08-31,3+,1257730,0.09
Nov 2024,GIN,14048921,first projection,2025-06-01,2025-08-31,1,9233535,0.66
Nov 2024,GIN,14048921,first projection,2025-06-01,2025-08-31,2,3557656,0.25
Nov 2024,GIN,14048921,first projection,2025-06-01,2025-08-31,3,1257730,0.09
Nov 2024,GIN,14048921,first projection,2025-06-01,2025-08-31,4,0,0
Nov 2024,GIN,14048921,first projection,2025-06-01,2025-08-31,5,0,0
Nov 2024,GMB,2422712,current,2024-10-01,2024-12-31,all,2422712,1.0
Nov 2024,GMB,2422712,current,2024-10-01,2024-12-31,3+,131930,0.05
Nov 2024,GMB,2422712,current,2024-10-01,2024-12-31,1,1816237,0.75
Nov 2024,GMB,2422712,current,2024-10-01,2024-12-31,2,474545,0.2
Nov 2024,GMB,2422712,current,2024-10-01,2024-12-31,3,131930,0.05
Nov 2024,GMB,2422712,current,2024-10-01,2024-12-31,4,0,0
Nov 2024,GMB,2422712,current,2024-10-01,2024-12-31,5,0,0
Nov 2024,GMB,2422712,first projection,2025-06-01,2025-08-31,all,2422712,1.0
Nov 2024,GMB,2422712,first projection,2025-06-01,2025-08-31,3+,243937,0.1
Nov 2024,GMB,2422712,first projection,2025-06-01,2025-08-31,1,1564669,0.65
Nov 2024,GMB,2422712,first projection,2025-06-01,2025-08-31,2,614106,0.25
Nov 2024,GMB,2422712,first projection,2025-06-01,2025-08-31,3,236290,0.1
Nov 2024,GMB,2422712,first projection,2025-06-01,2025-08-31,4,7647,0
Nov 2024,GMB,2422712,first projection,2025-06-01,2025-08-31,5,0,0
Nov 2024,GNB,1816450,current,2024-10-01,2024-12-31,all,1816450,1.0
Nov 2024,GNB,1816450,current,2024-10-01,2024-12-31,3+,107705,0.06
Nov 2024,GNB,1816450,current,2024-10-01,2024-12-31,1,1422555,0.78
Nov 2024,GNB,1816450,current,2024-10-01,2024-12-31,2,286191,0.16
Nov 2024,GNB,1816450,current,2024-10-01,2024-12-31,3,107705,0.06
Nov 2024,GNB,1816450,current,2024-10-01,2024-12-31,4,0,0
Nov 2024,GNB,1816450,current,2024-10-01,2024-12-31,5,0,0
Nov 2024,GNB,1816450,first projection,2025-06-01,2025-08-31,all,1816450,1.0
Nov 2024,GNB,1816450,first projection,2025-06-01,2025-08-31,3+,129620,0.07
Nov 2024,GNB,1816450,first projection,2025-06-01,2025-08-31,1,1362325,0.75
Nov 2024,GNB,1816450,first projection,2025-06-01,2025-08-31,2,324505,0.18
Nov 2024,GNB,1816450,first projection,2025-06-01,2025-08-31,3,129620,0.07
Nov 2024,GNB,1816450,first projection,2025-06-01,2025-08-31,4,0,0
Nov 2024,GNB,1816450,first projection,2025-06-01,2025-08-31,5,0,0
Jul 2024,GTM,17843132,current,2024-06-01,2024-08-31,all,17843132,1.0
Jul 2024,GTM,17843132,current,2024-06-01,2024-08-31,3+,2994471,0.17
Jul 2024,GTM,17843132,current,2024-06-01,2024-08-31,1,9711864,0.54
Jul 2024,GTM,17843132,current,2024-06-01,2024-08-31,2,5136797,0.29
Jul 2024,GTM,17843132,current,2024-06-01,2024-08-31,3,2608191,0.15
Jul 2024,GTM,17843132,current,2024-06-01,2024-08-31,4,386280,0.02
Jul 2024,GTM,17843132,current,2024-06-01,2024-08-31,5,0,0
Jul 2024,GTM,17843132,first projection,2024-09-01,2025-02-28,all,17843132,1.0
Jul 2024,GTM,17843132,first projection,2024-09-01,2025-02-28,3+,2727926,0.15
Jul 2024,GTM,17843132,first projection,2024-09-01,2025-02-28,1,9671049,0.54
Jul 2024,GTM,17843132,first projection,2024-09-01,2025-02-28,2,5444156,0.31
Jul 2024,GTM,17843132,first projection,2024-09-01,2025-02-28,3,2425011,0.13
Jul 2024,GTM,17843132,first projection,2024-09-01,2025-02-28,4,302915,0.02
Jul 2024,GTM,17843132,first projection,2024-09-01,2025-02-28,5,0,0
Jul 2024,GTM,17843132,second projection,2025-03-01,2025-05-31,all,17843132,1.0
Jul 2024,GTM,17843132,second projection,2025-03-01,2025-05-31,3+,2828186,0.16
Jul 2024,GTM,17843132,second projection,2025-03-01,2025-05-31,1,9761990,0.55
Jul 2024,GTM,17843132,second projection,2025-03-01,2025-05-31,2,5237283,0.29
Jul 2024,GTM,17843132,second projection,2025-03-01,2025-05-31,3,2486782,0.14
Jul 2024,GTM,17843132,second projection,2025-03-01,2025-05-31,4,341404,0.02
Jul 2024,GTM,17843132,second projection,2025-03-01,2025-05-31,5,0,0
Feb 2024,HND,9892632,current,2023-12-01,2024-02-29,all,9892632,1.0
Feb 2024,HND,9892632,current,2023-12-01,2024-02-29,3+,1772657,0.18
Feb 2024,HND,9892632,current,2023-12-01,2024-02-29,1,4537891,0.46
Feb 2024,HND,9892632,current,2023-12-01,2024-02-29,2,3582083,0.36
Feb 2024,HND,9892632,current,2023-12-01,2024-02-29,3,1598973,0.16
Feb 2024,HND,9892632,current,2023-12-01,2024-02-29,4,173684,0.02
Feb 2024,HND,9892632,current,2023-12-01,2024-02-29,5,0,0
Feb 2024,HND,9892632,first projection,2024-03-01,2024-05-31,all,9892632,1.0
Feb 2024,HND,9892632,first projection,2024-03-01,2024-05-31,3+,1793142,0.18
Feb 2024,HND,9892632,first projection,2024-03-01,2024-05-31,1,4585409,0.46
Feb 2024,HND,9892632,first projection,2024-03-01,2024-05-31,2,3514081,0.36
Feb 2024,HND,9892632,first projection,2024-03-01,2024-05-31,3,1591113,0.16
Feb 2024,HND,9892632,first projection,2024-03-01,2024-05-31,4,202029,0.02
Feb 2024,HND,9892632,first projection,2024-03-01,2024-05-31,5,0,0
Feb 2024,HND,9892632,second projection,2024-06-01,2024-08-31,all,9892632,1.0
Feb 2024,HND,9892632,second projection,2024-06-01,2024-08-31,3+,1925726,0.19
Feb 2024,HND,9892632,second projection,2024-06-01,2024-08-31,1,4411019,0.45
Feb 2024,HND,9892632,second projection,2024-06-01,2024-08-31,2,3555888,0.36
Feb 2024,HND,9892632,second projection,2024-06-01,2024-08-31,3,1700136,0.17
Feb 2024,HND,9892632,second projection,2024-06-01,2024-08-31,4,225589,0.02
Feb 2024,HND,9892632,second projection,2024-06-01,2024-08-31,5,0,0
Aug 2024,HTI,11214615,current,2024-08-01,2025-02-28,all,11214605,1.0
Aug 2024,HTI,11214615,current,2024-08-01,2025-02-28,3+,5407898,0.48
Aug 2024,HTI,11214615,current,2024-08-01,2025-02-28,1,2749682,0.25
Aug 2024,HTI,11214615,current,2024-08-01,2025-02-28,2,3057026,0.27
Aug 2024,HTI,11214615,current,2024-08-01,2025-02-28,3,3400350,0.3
Aug 2024,HTI,11214615,current,2024-08-01,2025-02-28,4,2001911,0.18
Aug 2024,HTI,11214615,current,2024-08-01,2025-02-28,5,5636,0
Aug 2024,HTI,11214615,first projection,2025-03-01,2025-06-30,all,11214605,1.0
Aug 2024,HTI,11214615,first projection,2025-03-01,2025-06-30,3+,5535334,0.5
Aug 2024,HTI,11214615,first projection,2025-03-01,2025-06-30,1,2705009,0.24
Aug 2024,HTI,11214615,first projection,2025-03-01,2025-06-30,2,2974262,0.27
Aug 2024,HTI,11214615,first projection,2025-03-01,2025-06-30,3,3534353,0.32
Aug 2024,HTI,11214615,first projection,2025-03-01,2025-06-30,4,1995345,0.18
Aug 2024,HTI,11214615,first projection,2025-03-01,2025-06-30,5,5636,0
Jul 2024,KEN,52428000,current,2024-07-01,2024-09-30,all,16617000,1.0
Jul 2024,KEN,52428000,current,2024-07-01,2024-09-30,3+,937222,0.05
Jul 2024,KEN,52428000,current,2024-07-01,2024-09-30,1,9881614,0.6
Jul 2024,KEN,52428000,current,2024-07-01,2024-09-30,2,5798165,0.35
Jul 2024,KEN,52428000,current,2024-07-01,2024-09-30,3,894555,0.05
Jul 2024,KEN,52428000,current,2024-07-01,2024-09-30,4,42667,0
Jul 2024,KEN,52428000,current,2024-07-01,2024-09-30,5,0,0
Jul 2024,KEN,52428000,first projection,2024-10-01,2025-01-31,all,16617000,1.0
Jul 2024,KEN,52428000,first projection,2024-10-01,2025-01-31,3+,1732866,0.11
Jul 2024,KEN,52428000,first projection,2024-10-01,2025-01-31,1,8799925,0.53
Jul 2024,KEN,52428000,first projection,2024-10-01,2025-01-31,2,6084209,0.36
Jul 2024,KEN,52428000,first projection,2024-10-01,2025-01-31,3,1634828,0.1
Jul 2024,KEN,52428000,first projection,2024-10-01,2025-01-31,4,98038,0.01
Jul 2024,KEN,52428000,first projection,2024-10-01,2025-01-31,5,0,0
Nov 2024,LBN,5574517,current,2024-10-01,2024-12-31,all,5574519,1.0
Nov 2024,LBN,5574517,current,2024-10-01,2024-12-31,3+,1591086,0.29
Nov 2024,LBN,5574517,current,2024-10-01,2024-12-31,1,1654901,0.29
Nov 2024,LBN,5574517,current,2024-10-01,2024-12-31,2,2328533,0.42
Nov 2024,LBN,5574517,current,2024-10-01,2024-12-31,3,1386248,0.25
Nov 2024,LBN,5574517,current,2024-10-01,2024-12-31,4,204838,0.04
Nov 2024,LBN,5574517,current,2024-10-01,2024-12-31,5,0,0
Nov 2024,LBN,5574517,first projection,2025-01-01,2025-03-31,all,5587322,1.0
Nov 2024,LBN,5574517,first projection,2025-01-01,2025-03-31,3+,1653991,0.3
Nov 2024,LBN,5574517,first projection,2025-01-01,2025-03-31,1,1582134,0.28
Nov 2024,LBN,5574517,first projection,2025-01-01,2025-03-31,2,2351197,0.42
Nov 2024,LBN,5574517,first projection,2025-01-01,2025-03-31,3,1453450,0.26
Nov 2024,LBN,5574517,first projection,2025-01-01,2025-03-31,4,200542,0.04
Nov 2024,LBN,5574517,first projection,2025-01-01,2025-03-31,5,0,0
Oct 2022,LBR,4799779,current,2022-10-01,2022-12-31,all,4799779,1.0
Oct 2022,LBR,4799779,current,2022-10-01,2022-12-31,3+,373230,0.08
Oct 2022,LBR,4799779,current,2022-10-01,2022-12-31,1,3406982,0.71
Oct 2022,LBR,4799779,current,2022-10-01,2022-12-31,2,1019566,0.21
Oct 2022,LBR,4799779,current,2022-10-01,2022-12-31,3,365748,0.08
Oct 2022,LBR,4799779,current,2022-10-01,2022-12-31,4,7483,0
Oct 2022,LBR,4799779,current,2022-10-01,2022-12-31,5,0,0
Oct 2022,LBR,4799779,first projection,2023-06-01,2023-08-31,all,4799779,1.0
Oct 2022,LBR,4799779,first projection,2023-06-01,2023-08-31,3+,531268,0.11
Oct 2022,LBR,4799779,first projection,2023-06-01,2023-08-31,1,2883503,0.6
Oct 2022,LBR,4799779,first projection,2023-06-01,2023-08-31,2,1385008,0.29
Oct 2022,LBR,4799779,first projection,2023-06-01,2023-08-31,3,509913,0.11
Oct 2022,LBR,4799779,first projection,2023-06-01,2023-08-31,4,21354,0
Oct 2022,LBR,4799779,first projection,2023-06-01,2023-08-31,5,0,0
May 2024,LSO,2208490,current,2024-05-01,2024-09-30,all,1505411,1.0
May 2024,LSO,2208490,current,2024-05-01,2024-09-30,3+,292866,0.19
May 2024,LSO,2208490,current,2024-05-01,2024-09-30,1,665045,0.44
May 2024,LSO,2208490,current,2024-05-01,2024-09-30,2,547500,0.36
May 2024,LSO,2208490,current,2024-05-01,2024-09-30,3,292866,0.19
May 2024,LSO,2208490,current,2024-05-01,2024-09-30,4,0,0
May 2024,LSO,2208490,current,2024-05-01,2024-09-30,5,0,0
May 2024,LSO,2208490,first projection,2024-10-01,2025-03-31,all,1505411,1.0
May 2024,LSO,2208490,first projection,2024-10-01,2025-03-31,3+,402757,0.27
May 2024,LSO,2208490,first projection,2024-10-01,2025-03-31,1,559568,0.37
May 2024,LSO,2208490,first projection,2024-10-01,2025-03-31,2,543086,0.36
May 2024,LSO,2208490,first projection,2024-10-01,2025-03-31,3,373940,0.25
May 2024,LSO,2208490,first projection,2024-10-01,2025-03-31,4,28818,0.02
May 2024,LSO,2208490,first projection,2024-10-01,2025-03-31,5,0,0
Dec 2024,MDG,31725042,current,2024-09-01,2024-12-31,all,10607145,1.0
Dec 2024,MDG,31725042,current,2024-09-01,2024-12-31,3+,1628408,0.15
Dec 2024,MDG,31725042,current,2024-09-01,2024-12-31,1,4203194,0.4
Dec 2024,MDG,31725042,current,2024-09-01,2024-12-31,2,4775543,0.45
Dec 2024,MDG,31725042,current,2024-09-01,2024-12-31,3,1580142,0.15
Dec 2024,MDG,31725042,current,2024-09-01,2024-12-31,4,48266,0
Dec 2024,MDG,31725042,current,2024-09-01,2024-12-31,5,0,0
Dec 2024,MDG,31725042,first projection,2025-01-01,2025-04-30,all,10607145,1.0
Dec 2024,MDG,31725042,first projection,2025-01-01,2025-04-30,3+,1944786,0.18
Dec 2024,MDG,31725042,first projection,2025-01-01,2025-04-30,1,3672223,0.35
Dec 2024,MDG,31725042,first projection,2025-01-01,2025-04-30,2,4990135,0.47
Dec 2024,MDG,31725042,first projection,2025-01-01,2025-04-30,3,1944786,0.18
Dec 2024,MDG,31725042,first projection,2025-01-01,2025-04-30,4,0,0
Dec 2024,MDG,31725042,first projection,2025-01-01,2025-04-30,5,0,0
Dec 2024,MDG,31725042,second projection,2025-05-01,2025-08-31,all,10607145,1.0
Dec 2024,MDG,31725042,second projection,2025-05-01,2025-08-31,3+,1121142,0.11
Dec 2024,MDG,31725042,second projection,2025-05-01,2025-08-31,1,4563307,0.43
Dec 2024,MDG,31725042,second projection,2025-05-01,2025-08-31,2,4922696,0.46
Dec 2024,MDG,31725042,second projection,2025-05-01,2025-08-31,3,1121142,0.11
Dec 2024,MDG,31725042,second projection,2025-05-01,2025-08-31,4,0,0
Dec 2024,MDG,31725042,second projection,2025-05-01,2025-08-31,5,0,0
Nov 2024,MLI,23519325,current,2024-10-01,2024-12-31,all,23519299,1.0
Nov 2024,MLI,23519325,current,2024-10-01,2024-12-31,3+,901909,0.04
Nov 2024,MLI,23519325,current,2024-10-01,2024-12-31,1,19690848,0.84
Nov 2024,MLI,23519325,current,2024-10-01,2024-12-31,2,2926542,0.12
Nov 2024,MLI,23519325,current,2024-10-01,2024-12-31,3,882670,0.04
Nov 2024,MLI,23519325,current,2024-10-01,2024-12-31,4,19239,0
Nov 2024,MLI,23519325,current,2024-10-01,2024-12-31,5,0,0
Nov 2024,MLI,23519325,first projection,2025-06-01,2025-08-31,all,23519299,1.0
Nov 2024,MLI,23519325,first projection,2025-06-01,2025-08-31,3+,1518032,0.06
Nov 2024,MLI,23519325,first projection,2025-06-01,2025-08-31,1,17962846,0.76
Nov 2024,MLI,23519325,first projection,2025-06-01,2025-08-31,2,4038421,0.17
Nov 2024,MLI,23519325,first projection,2025-06-01,2025-08-31,3,1451211,0.06
Nov 2024,MLI,23519325,first projection,2025-06-01,2025-08-31,4,64179,0
Nov 2024,MLI,23519325,first projection,2025-06-01,2025-08-31,5,2645,0
Jun 2024,MOZ,33244414,current,2024-04-01,2024-09-30,all,10025724,1.0
Jun 2024,MOZ,33244414,current,2024-04-01,2024-09-30,3+,2785751,0.28
Jun 2024,MOZ,33244414,current,2024-04-01,2024-09-30,1,3639958,0.36
Jun 2024,MOZ,33244414,current,2024-04-01,2024-09-30,2,3600015,0.36
Jun 2024,MOZ,33244414,current,2024-04-01,2024-09-30,3,2275600,0.23
Jun 2024,MOZ,33244414,current,2024-04-01,2024-09-30,4,510151,0.05
Jun 2024,MOZ,33244414,current,2024-04-01,2024-09-30,5,0,0
Jun 2024,MOZ,33244414,first projection,2024-10-01,2025-03-31,all,10025724,1.0
Jun 2024,MOZ,33244414,first projection,2024-10-01,2025-03-31,3+,3275559,0.33
Jun 2024,MOZ,33244414,first projection,2024-10-01,2025-03-31,1,3205784,0.32
Jun 2024,MOZ,33244414,first projection,2024-10-01,2025-03-31,2,3544381,0.35
Jun 2024,MOZ,33244414,first projection,2024-10-01,2025-03-31,3,2502278,0.25
Jun 2024,MOZ,33244414,first projection,2024-10-01,2025-03-31,4,773281,0.08
Jun 2024,MOZ,33244414,first projection,2024-10-01,2025-03-31,5,0,0
Nov 2024,MRT,4927532,current,2024-10-01,2024-12-31,all,4927532,1.0
Nov 2024,MRT,4927532,current,2024-10-01,2024-12-31,3+,185897,0.04
Nov 2024,MRT,4927532,current,2024-10-01,2024-12-31,1,4017926,0.82
Nov 2024,MRT,4927532,current,2024-10-01,2024-12-31,2,723709,0.15
Nov 2024,MRT,4927532,current,2024-10-01,2024-12-31,3,185897,0.04
Nov 2024,MRT,4927532,current,2024-10-01,2024-12-31,4,0,0
Nov 2024,MRT,4927532,current,2024-10-01,2024-12-31,5,0,0
Nov 2024,MRT,4927532,first projection,2025-06-01,2025-08-31,all,4927532,1.0
Nov 2024,MRT,4927532,first projection,2025-06-01,2025-08-31,3+,374750,0.08
Nov 2024,MRT,4927532,first projection,2025-06-01,2025-08-31,1,3490588,0.71
Nov 2024,MRT,4927532,first projection,2025-06-01,2025-08-31,2,1062194,0.22
Nov 2024,MRT,4927532,first projection,2025-06-01,2025-08-31,3,342757,0.07
Nov 2024,MRT,4927532,first projection,2025-06-01,2025-08-31,4,31993,0.01
Nov 2024,MRT,4927532,first projection,2025-06-01,2025-08-31,5,0,0
May 2024,MWI,20270568,current,2024-05-01,2024-09-30,all,20270568,1.0
May 2024,MWI,20270568,current,2024-05-01,2024-09-30,3+,4165142,0.2
May 2024,MWI,20270568,current,2024-05-01,2024-09-30,1,9385389,0.46
May 2024,MWI,20270568,current,2024-05-01,2024-09-30,2,6720037,0.33
May 2024,MWI,20270568,current,2024-05-01,2024-09-30,3,4108694,0.2
May 2024,MWI,20270568,current,2024-05-01,2024-09-30,4,56448,0
May 2024,MWI,20270568,current,2024-05-01,2024-09-30,5,0,0
May 2024,MWI,20270568,first projection,2024-10-01,2025-03-31,all,20270568,1.0
May 2024,MWI,20270568,first projection,2024-10-01,2025-03-31,3+,5692123,0.28
May 2024,MWI,20270568,first projection,2024-10-01,2025-03-31,1,7826964,0.39
May 2024,MWI,20270568,first projection,2024-10-01,2025-03-31,2,6751481,0.33
May 2024,MWI,20270568,first projection,2024-10-01,2025-03-31,3,5275996,0.26
May 2024,MWI,20270568,first projection,2024-10-01,2025-03-31,4,416127,0.02
May 2024,MWI,20270568,first projection,2024-10-01,2025-03-31,5,0,0
Jul 2024,NAM,3022401,current,2024-07-01,2024-09-30,all,3022401,1.0
Jul 2024,NAM,3022401,current,2024-07-01,2024-09-30,3+,1145579,0.38
Jul 2024,NAM,3022401,current,2024-07-01,2024-09-30,1,1111021,0.37
Jul 2024,NAM,3022401,current,2024-07-01,2024-09-30,2,765801,0.25
Jul 2024,NAM,3022401,current,2024-07-01,2024-09-30,3,1057205,0.35
Jul 2024,NAM,3022401,current,2024-07-01,2024-09-30,4,88374,0.03
Jul 2024,NAM,3022401,current,2024-07-01,2024-09-30,5,0,0
Jul 2024,NAM,3022401,first projection,2024-10-01,2025-03-31,all,3022401,1.0
Jul 2024,NAM,3022401,first projection,2024-10-01,2025-03-31,3+,1255642,0.41
Jul 2024,NAM,3022401,first projection,2024-10-01,2025-03-31,1,976651,0.32
Jul 2024,NAM,3022401,first projection,2024-10-01,2025-03-31,2,790108,0.26
Jul 2024,NAM,3022401,first projection,2024-10-01,2025-03-31,3,1155611,0.38
Jul 2024,NAM,3022401,first projection,2024-10-01,2025-03-31,4,100032,0.03
Jul 2024,NAM,3022401,first projection,2024-10-01,2025-03-31,5,0,0
Jul 2024,NAM,3022401,second projection,2025-04-01,2025-06-30,all,3022401,1.0
Jul 2024,NAM,3022401,second projection,2025-04-01,2025-06-30,3+,776496,0.25
Jul 2024,NAM,3022401,second projection,2025-04-01,2025-06-30,1,1249163,0.41
Jul 2024,NAM,3022401,second projection,2025-04-01,2025-06-30,2,996743,0.33
Jul 2024,NAM,3022401,second projection,2025-04-01,2025-06-30,3,765314,0.25
Jul 2024,NAM,3022401,second projection,2025-04-01,2025-06-30,4,11182,0
Jul 2024,NAM,3022401,second projection,2025-04-01,2025-06-30,5,0,0
Nov 2024,NER,27320164,current,2024-10-01,2024-12-31,all,27320128,1.0
Nov 2024,NER,27320164,current,2024-10-01,2024-12-31,3+,1534548,0.05
Nov 2024,NER,27320164,current,2024-10-01,2024-12-31,1,21314393,0.78
Nov 2024,NER,27320164,current,2024-10-01,2024-12-31,2,4471187,0.16
Nov 2024,NER,27320164,current,2024-10-01,2024-12-31,3,1475127,0.05
Nov 2024,NER,27320164,current,2024-10-01,2024-12-31,4,59421,0
Nov 2024,NER,27320164,current,2024-10-01,2024-12-31,5,0,0
Nov 2024,NER,27320164,first projection,2025-06-01,2025-08-31,all,27320128,1.0
Nov 2024,NER,27320164,first projection,2025-06-01,2025-08-31,3+,2220926,0.08
Nov 2024,NER,27320164,first projection,2025-06-01,2025-08-31,1,18843881,0.69
Nov 2024,NER,27320164,first projection,2025-06-01,2025-08-31,2,6255324,0.23
Nov 2024,NER,27320164,first projection,2025-06-01,2025-08-31,3,2105791,0.08
Nov 2024,NER,27320164,first projection,2025-06-01,2025-08-31,4,115132,0
Nov 2024,NER,27320164,first projection,2025-06-01,2025-08-31,5,0,0
Nov 2024,NGA,206654553,current,2024-10-01,2024-12-31,all,206654321,1.0
Nov 2024,NGA,206654553,current,2024-10-01,2024-12-31,3+,25089924,0.12
Nov 2024,NGA,206654553,current,2024-10-01,2024-12-31,1,99282181,0.48
Nov 2024,NGA,206654553,current,2024-10-01,2024-12-31,2,82282216,0.4
Nov 2024,NGA,206654553,current,2024-10-01,2024-12-31,3,24102754,0.12
Nov 2024,NGA,206654553,current,2024-10-01,2024-12-31,4,987170,0
Nov 2024,NGA,206654553,current,2024-10-01,2024-12-31,5,0,0
Nov 2024,NGA,206654553,first projection,2025-06-01,2025-08-31,all,206654321,1.0
Nov 2024,NGA,206654553,first projection,2025-06-01,2025-08-31,3+,33159491,0.16
Nov 2024,NGA,206654553,first projection,2025-06-01,2025-08-31,1,79364032,0.38
Nov 2024,NGA,206654553,first projection,2025-06-01,2025-08-31,2,94130798,0.46
Nov 2024,NGA,206654553,first projection,2025-06-01,2025-08-31,3,31365151,0.15
Nov 2024,NGA,206654553,first projection,2025-06-01,2025-08-31,4,1794340,0.01
Nov 2024,NGA,206654553,first projection,2025-06-01,2025-08-31,5,0,0
Nov 2024,PAK,241490000,current,2024-11-01,2025-03-31,all,50788650,1.0
Nov 2024,PAK,241490000,current,2024-11-01,2025-03-31,3+,10989570,0.22
Nov 2024,PAK,241490000,current,2024-11-01,2025-03-31,1,23164746,0.46
Nov 2024,PAK,241490000,current,2024-11-01,2025-03-31,2,16634334,0.32
Nov 2024,PAK,241490000,current,2024-11-01,2025-03-31,3,9283376,0.19
Nov 2024,PAK,241490000,current,2024-11-01,2025-03-31,4,1706195,0.03
Nov 2024,PAK,241490000,current,2024-11-01,2025-03-31,5,0,0
Nov 2024,PAK,241490000,first projection,2025-04-01,2025-07-31,all,50788650,1.0
Nov 2024,PAK,241490000,first projection,2025-04-01,2025-07-31,3+,9991810,0.2
Nov 2024,PAK,241490000,first projection,2025-04-01,2025-07-31,1,23333581,0.46
Nov 2024,PAK,241490000,first projection,2025-04-01,2025-07-31,2,17463260,0.34
Nov 2024,PAK,241490000,first projection,2025-04-01,2025-07-31,3,9284135,0.19
Nov 2024,PAK,241490000,first projection,2025-04-01,2025-07-31,4,707675,0.01
Nov 2024,PAK,241490000,first projection,2025-04-01,2025-07-31,5,0,0
Sep 2024,PSE,2251457,current,2024-09-01,2024-10-31,all,2140618,1.0
Sep 2024,PSE,2251457,current,2024-09-01,2024-10-31,3+,1841061,0.86
Sep 2024,PSE,2251457,current,2024-09-01,2024-10-31,1,0,0
Sep 2024,PSE,2251457,current,2024-09-01,2024-10-31,2,299557,0.14
Sep 2024,PSE,2251457,current,2024-09-01,2024-10-31,3,1044353,0.49
Sep 2024,PSE,2251457,current,2024-09-01,2024-10-31,4,663721,0.31
Sep 2024,PSE,2251457,current,2024-09-01,2024-10-31,5,132987,0.06
Sep 2024,PSE,2251457,first projection,2024-11-01,2025-04-30,all,2140618,1.0
Sep 2024,PSE,2251457,first projection,2024-11-01,2025-04-30,3+,1948092,0.91
Sep 2024,PSE,2251457,first projection,2024-11-01,2025-04-30,1,0,0
Sep 2024,PSE,2251457,first projection,2024-11-01,2025-04-30,2,192526,0.09
Sep 2024,PSE,2251457,first projection,2024-11-01,2025-04-30,3,727681,0.34
Sep 2024,PSE,2251457,first projection,2024-11-01,2025-04-30,4,875573,0.41
Sep 2024,PSE,2251457,first projection,2024-11-01,2025-04-30,5,344839,0.16
Apr 2024,SDN,47208125,current,2024-04-01,2024-05-31,all,47208125,1.0
Apr 2024,SDN,47208125,current,2024-04-01,2024-05-31,3+,21311946,0.45
Apr 2024,SDN,47208125,current,2024-04-01,2024-05-31,1,9036411,0.19
Apr 2024,SDN,47208125,current,2024-04-01,2024-05-31,2,16859767,0.36
Apr 2024,SDN,47208125,current,2024-04-01,2024-05-31,3,14603918,0.31
Apr 2024,SDN,47208125,current,2024-04-01,2024-05-31,4,6554877,0.14
Apr 2024,SDN,47208125,current,2024-04-01,2024-05-31,5,153152,0
Apr 2024,SDN,47208125,first projection,2024-06-01,2024-09-30,all,47208125,1.0
Apr 2024,SDN,47208125,first projection,2024-06-01,2024-09-30,3+,25597400,0.54
Apr 2024,SDN,47208125,first projection,2024-06-01,2024-09-30,1,6426647,0.14
Apr 2024,SDN,47208125,first projection,2024-06-01,2024-09-30,2,15184078,0.32
Apr 2024,SDN,47208125,first projection,2024-06-01,2024-09-30,3,16309134,0.34
Apr 2024,SDN,47208125,first projection,2024-06-01,2024-09-30,4,8533005,0.18
Apr 2024,SDN,47208125,first projection,2024-06-01,2024-09-30,5,755262,0.02
Apr 2024,SDN,47208125,second projection,2024-10-01,2025-02-28,all,47208125,1.0
Apr 2024,SDN,47208125,second projection,2024-10-01,2025-02-28,3+,21085206,0.45
Apr 2024,SDN,47208125,second projection,2024-10-01,2025-02-28,1,8673628,0.18
Apr 2024,SDN,47208125,second projection,2024-10-01,2025-02-28,2,17449291,0.37
Apr 2024,SDN,47208125,second projection,2024-10-01,2025-02-28,3,14589317,0.31
Apr 2024,SDN,47208125,second projection,2024-10-01,2025-02-28,4,6386945,0.14
Apr 2024,SDN,47208125,second projection,2024-10-01,2025-02-28,5,108944,0
Nov 2024,SEN,19075965,current,2024-10-01,2024-12-31,all,19075965,1.0
Nov 2024,SEN,19075965,current,2024-10-01,2024-12-31,3+,892310,0.04
Nov 2024,SEN,19075965,current,2024-10-01,2024-12-31,1,14853184,0.78
Nov 2024,SEN,19075965,current,2024-10-01,2024-12-31,2,3330471,0.17
Nov 2024,SEN,19075965,current,2024-10-01,2024-12-31,3,834134,0.04
Nov 2024,SEN,19075965,current,2024-10-01,2024-12-31,4,58177,0
Nov 2024,SEN,19075965,current,2024-10-01,2024-12-31,5,0,0
Nov 2024,SEN,19075965,first projection,2025-06-01,2025-08-31,all,19075965,1.0
Nov 2024,SEN,19075965,first projection,2025-06-01,2025-08-31,3+,1334132,0.06
Nov 2024,SEN,19075965,first projection,2025-06-01,2025-08-31,1,13263899,0.7
Nov 2024,SEN,19075965,first projection,2025-06-01,2025-08-31,2,4477934,0.23
Nov 2024,SEN,19075965,first projection,2025-06-01,2025-08-31,3,1239935,0.06
Nov 2024,SEN,19075965,first projection,2025-06-01,2025-08-31,4,94197,0
Nov 2024,SEN,19075965,first projection,2025-06-01,2025-08-31,5,0,0
Nov 2024,SLE,8739886,current,2024-10-01,2024-12-31,all,8739886,1.0
Nov 2024,SLE,8739886,current,2024-10-01,2024-12-31,3+,660683,0.08
Nov 2024,SLE,8739886,current,2024-10-01,2024-12-31,1,6250223,0.72
Nov 2024,SLE,8739886,current,2024-10-01,2024-12-31,2,1828979,0.21
Nov 2024,SLE,8739886,current,2024-10-01,2024-12-31,3,658404,0.08
Nov 2024,SLE,8739886,current,2024-10-01,2024-12-31,4,2279,0
Nov 2024,SLE,8739886,current,2024-10-01,2024-12-31,5,0,0
Nov 2024,SLE,8739886,first projection,2025-06-01,2025-08-31,all,8739886,1.0
Nov 2024,SLE,8739886,first projection,2025-06-01,2025-08-31,3+,1066617,0.12
Nov 2024,SLE,8739886,first projection,2025-06-01,2025-08-31,1,5247307,0.6
Nov 2024,SLE,8739886,first projection,2025-06-01,2025-08-31,2,2425962,0.28
Nov 2024,SLE,8739886,first projection,2025-06-01,2025-08-31,3,1055401,0.12
Nov 2024,SLE,8739886,first projection,2025-06-01,2025-08-31,4,11217,0
Nov 2024,SLE,8739886,first projection,2025-06-01,2025-08-31,5,0,0
Aug 2021,SLV,6325827,current,2021-07-01,2021-08-31,all,6325827,1.0
Aug 2021,SLV,6325827,current,2021-07-01,2021-08-31,3+,841190,0.13
Aug 2021,SLV,6325827,current,2021-07-01,2021-08-31,1,2359805,0.37
Aug 2021,SLV,6325827,current,2021-07-01,2021-08-31,2,3124833,0.49
Aug 2021,SLV,6325827,current,2021-07-01,2021-08-31,3,780311,0.12
Aug 2021,SLV,6325827,current,2021-07-01,2021-08-31,4,60879,0.01
Aug 2021,SLV,6325827,current,2021-07-01,2021-08-31,5,0,0
Aug 2021,SLV,6325827,first projection,2021-09-01,2022-02-28,all,6325827,1.0
Aug 2021,SLV,6325827,first projection,2021-09-01,2022-02-28,3+,593434,0.1
Aug 2021,SLV,6325827,first projection,2021-09-01,2022-02-28,1,2755017,0.44
Aug 2021,SLV,6325827,first projection,2021-09-01,2022-02-28,2,2977376,0.47
Aug 2021,SLV,6325827,first projection,2021-09-01,2022-02-28,3,546698,0.09
Aug 2021,SLV,6325827,first projection,2021-09-01,2022-02-28,4,46735,0.01
Aug 2021,SLV,6325827,first projection,2021-09-01,2022-02-28,5,0,0
Aug 2021,SLV,6325827,second projection,2022-03-01,2022-05-31,all,6325827,1.0
Aug 2021,SLV,6325827,second projection,2022-03-01,2022-05-31,3+,906823,0.14
Aug 2021,SLV,6325827,second projection,2022-03-01,2022-05-31,1,2132030,0.34
Aug 2021,SLV,6325827,second projection,2022-03-01,2022-05-31,2,3286974,0.52
Aug 2021,SLV,6325827,second projection,2022-03-01,2022-05-31,3,845944,0.13
Aug 2021,SLV,6325827,second projection,2022-03-01,2022-05-31,4,60879,0.01
Aug 2021,SLV,6325827,second projection,2022-03-01,2022-05-31,5,0,0
Jan 2025,SOM,19280850,current,2025-01-01,2025-03-31,all,19280850,1.0
Jan 2025,SOM,19280850,current,2025-01-01,2025-03-31,3+,3396180,0.17
Jan 2025,SOM,19280850,current,2025-01-01,2025-03-31,1,9358460,0.49
Jan 2025,SOM,19280850,current,2025-01-01,2025-03-31,2,6526160,0.34
Jan 2025,SOM,19280850,current,2025-01-01,2025-03-31,3,2953750,0.15
Jan 2025,SOM,19280850,current,2025-01-01,2025-03-31,4,442430,0.02
Jan 2025,SOM,19280850,current,2025-01-01,2025-03-31,5,0,0
Jan 2025,SOM,19280850,first projection,2025-04-01,2025-06-30,all,19280850,1.0
Jan 2025,SOM,19280850,first projection,2025-04-01,2025-06-30,3+,4389160,0.23
Jan 2025,SOM,19280850,first projection,2025-04-01,2025-06-30,1,7944980,0.41
Jan 2025,SOM,19280850,first projection,2025-04-01,2025-06-30,2,6946740,0.36
Jan 2025,SOM,19280850,first projection,2025-04-01,2025-06-30,3,3648560,0.19
Jan 2025,SOM,19280850,first projection,2025-04-01,2025-06-30,4,740600,0.04
Jan 2025,SOM,19280850,first projection,2025-04-01,2025-06-30,5,0,0
Sep 2024,SSD,13576215,current,2024-09-01,2024-11-30,all,13442258,1.0
Sep 2024,SSD,13576215,current,2024-09-01,2024-11-30,3+,6312000,0.47
Sep 2024,SSD,13576215,current,2024-09-01,2024-11-30,1,2635000,0.2
Sep 2024,SSD,13576215,current,2024-09-01,2024-11-30,2,4510000,0.34
Sep 2024,SSD,13576215,current,2024-09-01,2024-11-30,3,4564000,0.34
Sep 2024,SSD,13576215,current,2024-09-01,2024-11-30,4,1707000,0.13
Sep 2024,SSD,13576215,current,2024-09-01,2024-11-30,5,41000,0
Sep 2024,SSD,13576215,first projection,2024-12-01,2025-03-31,all,13442258,1.0
Sep 2024,SSD,13576215,first projection,2024-12-01,2025-03-31,3+,6079000,0.45
Sep 2024,SSD,13576215,first projection,2024-12-01,2025-03-31,1,2792000,0.21
Sep 2024,SSD,13576215,first projection,2024-12-01,2025-03-31,2,4576000,0.34
Sep 2024,SSD,13576215,first projection,2024-12-01,2025-03-31,3,4334000,0.32
Sep 2024,SSD,13576215,first projection,2024-12-01,2025-03-31,4,1714000,0.13
Sep 2024,SSD,13576215,first projection,2024-12-01,2025-03-31,5,31000,0
Sep 2024,SSD,13576215,second projection,2025-04-01,2025-07-31,all,13442258,1.0
Sep 2024,SSD,13576215,second projection,2025-04-01,2025-07-31,3+,7692000,0.57
Sep 2024,SSD,13576215,second projection,2025-04-01,2025-07-31,1,1926000,0.14
Sep 2024,SSD,13576215,second projection,2025-04-01,2025-07-31,2,3830000,0.28
Sep 2024,SSD,13576215,second projection,2025-04-01,2025-07-31,3,5098000,0.38
Sep 2024,SSD,13576215,second projection,2025-04-01,2025-07-31,4,2531000,0.19
Sep 2024,SSD,13576215,second projection,2025-04-01,2025-07-31,5,63000,0
Jun 2024,SWZ,1198537,current,2024-06-01,2024-09-30,all,1204835,1.0
Jun 2024,SWZ,1198537,current,2024-06-01,2024-09-30,3+,243483,0.2
Jun 2024,SWZ,1198537,current,2024-06-01,2024-09-30,1,498581,0.41
Jun 2024,SWZ,1198537,current,2024-06-01,2024-09-30,2,462771,0.38
Jun 2024,SWZ,1198537,current,2024-06-01,2024-09-30,3,243483,0.2
Jun 2024,SWZ,1198537,current,2024-06-01,2024-09-30,4,0,0
Jun 2024,SWZ,1198537,current,2024-06-01,2024-09-30,5,0,0
Jun 2024,SWZ,1198537,first projection,2024-10-01,2025-03-31,all,1204835,1.0
Jun 2024,SWZ,1198537,first projection,2024-10-01,2025-03-31,3+,303725,0.25
Jun 2024,SWZ,1198537,first projection,2024-10-01,2025-03-31,1,440667,0.37
Jun 2024,SWZ,1198537,first projection,2024-10-01,2025-03-31,2,460443,0.38
Jun 2024,SWZ,1198537,first projection,2024-10-01,2025-03-31,3,269564,0.22
Jun 2024,SWZ,1198537,first projection,2024-10-01,2025-03-31,4,34161,0.03
Jun 2024,SWZ,1198537,first projection,2024-10-01,2025-03-31,5,0,0
Nov 2024,TCD,17673968,current,2024-10-01,2024-12-31,all,17673933,1.0
Nov 2024,TCD,17673968,current,2024-10-01,2024-12-31,3+,2419594,0.14
Nov 2024,TCD,17673968,current,2024-10-01,2024-12-31,1,10692105,0.6
Nov 2024,TCD,17673968,current,2024-10-01,2024-12-31,2,4562234,0.26
Nov 2024,TCD,17673968,current,2024-10-01,2024-12-31,3,2233772,0.13
Nov 2024,TCD,17673968,current,2024-10-01,2024-12-31,4,185822,0.01
Nov 2024,TCD,17673968,current,2024-10-01,2024-12-31,5,0,0
Nov 2024,TCD,17673968,first projection,2025-06-01,2025-08-31,all,17673933,1.0
Nov 2024,TCD,17673968,first projection,2025-06-01,2025-08-31,3+,3695176,0.21
Nov 2024,TCD,17673968,first projection,2025-06-01,2025-08-31,1,8206617,0.46
Nov 2024,TCD,17673968,first projection,2025-06-01,2025-08-31,2,5772140,0.33
Nov 2024,TCD,17673968,first projection,2025-06-01,2025-08-31,3,3283876,0.19
Nov 2024,TCD,17673968,first projection,2025-06-01,2025-08-31,4,411300,0.02
Nov 2024,TCD,17673968,first projection,2025-06-01,2025-08-31,5,0,0
Nov 2024,TGO,6324160,current,2024-10-01,2024-12-31,all,6324160,1.0
Nov 2024,TGO,6324160,current,2024-10-01,2024-12-31,3+,621723,0.1
Nov 2024,TGO,6324160,current,2024-10-01,2024-12-31,1,4402274,0.7
Nov 2024,TGO,6324160,current,2024-10-01,2024-12-31,2,1300163,0.21
Nov 2024,TGO,6324160,current,2024-10-01,2024-12-31,3,621723,0.1
Nov 2024,TGO,6324160,current,2024-10-01,2024-12-31,4,0,0
Nov 2024,TGO,6324160,current,2024-10-01,2024-12-31,5,0,0
Nov 2024,TGO,6324160,first projection,2025-06-01,2025-08-31,all,6324160,1.0
Nov 2024,TGO,6324160,first projection,2025-06-01,2025-08-31,3+,624560,0.1
Nov 2024,TGO,6324160,first projection,2025-06-01,2025-08-31,1,4391212,0.69
Nov 2024,TGO,6324160,first projection,2025-06-01,2025-08-31,2,1308388,0.21
Nov 2024,TGO,6324160,first projection,2025-06-01,2025-08-31,3,624560,0.1
Nov 2024,TGO,6324160,first projection,2025-06-01,2025-08-31,4,0,0
Nov 2024,TGO,6324160,first projection,2025-06-01,2025-08-31,5,0,0
Nov 2023,TLS,1340434,current,2023-11-01,2024-04-30,all,1340434,1.0
Nov 2023,TLS,1340434,current,2023-11-01,2024-04-30,3+,360097,0.27
Nov 2023,TLS,1340434,current,2023-11-01,2024-04-30,1,501542,0.37
Nov 2023,TLS,1340434,current,2023-11-01,2024-04-30,2,478795,0.36
Nov 2023,TLS,1340434,current,2023-11-01,2024-04-30,3,341505,0.26
Nov 2023,TLS,1340434,current,2023-11-01,2024-04-30,4,18592,0.01
Nov 2023,TLS,1340434,current,2023-11-01,2024-04-30,5,0,0
Nov 2023,TLS,1340434,first projection,2024-05-01,2024-09-30,all,1340434,1.0
Nov 2023,TLS,1340434,first projection,2024-05-01,2024-09-30,3+,363997,0.27
Nov 2023,TLS,1340434,first projection,2024-05-01,2024-09-30,1,482638,0.36
Nov 2023,TLS,1340434,first projection,2024-05-01,2024-09-30,2,493798,0.37
Nov 2023,TLS,1340434,first projection,2024-05-01,2024-09-30,3,341719,0.25
Nov 2023,TLS,1340434,first projection,2024-05-01,2024-09-30,4,22278,0.02
Nov 2023,TLS,1340434,first projection,2024-05-01,2024-09-30,5,0,0
Nov 2023,TZA,59851347,current,2023-11-01,2024-04-30,all,7087011,1.0
Nov 2023,TZA,59851347,current,2023-11-01,2024-04-30,3+,900001,0.13
Nov 2023,TZA,59851347,current,2023-11-01,2024-04-30,1,3976045,0.56
Nov 2023,TZA,59851347,current,2023-11-01,2024-04-30,2,2210965,0.31
Nov 2023,TZA,59851347,current,2023-11-01,2024-04-30,3,900001,0.13
Nov 2023,TZA,59851347,current,2023-11-01,2024-04-30,4,0,0
Nov 2023,TZA,59851347,current,2023-11-01,2024-04-30,5,0,0
Nov 2023,TZA,59851347,first projection,2024-05-01,2024-10-31,all,7087011,1.0
Nov 2023,TZA,59851347,first projection,2024-05-01,2024-10-31,3+,379476,0.05
Nov 2023,TZA,59851347,first projection,2024-05-01,2024-10-31,1,4977607,0.7
Nov 2023,TZA,59851347,first projection,2024-05-01,2024-10-31,2,1729928,0.24
Nov 2023,TZA,59851347,first projection,2024-05-01,2024-10-31,3,379476,0.05
Nov 2023,TZA,59851347,first projection,2024-05-01,2024-10-31,4,0,0
Nov 2023,TZA,59851347,first projection,2024-05-01,2024-10-31,5,0,0
Oct 2024,UGA,46257305,current,2024-07-01,2025-01-31,all,4626003,1.0
Oct 2024,UGA,46257305,current,2024-07-01,2025-01-31,3+,796902,0.17
Oct 2024,UGA,46257305,current,2024-07-01,2025-01-31,1,1971352,0.43
Oct 2024,UGA,46257305,current,2024-07-01,2025-01-31,2,1857749,0.4
Oct 2024,UGA,46257305,current,2024-07-01,2025-01-31,3,796902,0.17
Oct 2024,UGA,46257305,current,2024-07-01,2025-01-31,4,0,0
Oct 2024,UGA,46257305,current,2024-07-01,2025-01-31,5,0,0
Oct 2024,UGA,46257305,first projection,2025-02-01,2025-06-30,all,4505369,1.0
Oct 2024,UGA,46257305,first projection,2025-02-01,2025-06-30,3+,952624,0.21
Oct 2024,UGA,46257305,first projection,2025-02-01,2025-06-30,1,1689674,0.38
Oct 2024,UGA,46257305,first projection,2025-02-01,2025-06-30,2,1863071,0.41
Oct 2024,UGA,46257305,first projection,2025-02-01,2025-06-30,3,952624,0.21
Oct 2024,UGA,46257305,first projection,2025-02-01,2025-06-30,4,0,0
Oct 2024,UGA,46257305,first projection,2025-02-01,2025-06-30,5,0,0
Aug 2024,YEM,33733413,current,2024-07-01,2024-09-30,all,10156423,1.0
Aug 2024,YEM,33733413,current,2024-07-01,2024-09-30,3+,4647925,0.46
Aug 2024,YEM,33733413,current,2024-07-01,2024-09-30,1,2568361,0.25
Aug 2024,YEM,33733413,current,2024-07-01,2024-09-30,2,2940138,0.29
Aug 2024,YEM,33733413,current,2024-07-01,2024-09-30,3,3411347,0.34
Aug 2024,YEM,33733413,current,2024-07-01,2024-09-30,4,1236578,0.12
Aug 2024,YEM,33733413,current,2024-07-01,2024-09-30,5,0,0
Aug 2024,YEM,33733413,first projection,2024-10-01,2025-03-31,all,10287916,1.0
Aug 2024,YEM,33733413,first projection,2024-10-01,2025-03-31,3+,4634928,0.45
Aug 2024,YEM,33733413,first projection,2024-10-01,2025-03-31,1,2537760,0.25
Aug 2024,YEM,33733413,first projection,2024-10-01,2025-03-31,2,3115228,0.3
Aug 2024,YEM,33733413,first projection,2024-10-01,2025-03-31,3,3502236,0.34
Aug 2024,YEM,33733413,first projection,2024-10-01,2025-03-31,4,1132691,0.11
Aug 2024,YEM,33733413,first projection,2024-10-01,2025-03-31,5,0,0
Oct 2020,ZAF,59622350,current,2020-09-01,2020-12-31,all,59130437,1.0
Oct 2020,ZAF,59622350,current,2020-09-01,2020-12-31,3+,9335159,0.16
Oct 2020,ZAF,59622350,current,2020-09-01,2020-12-31,1,34950493,0.59
Oct 2020,ZAF,59622350,current,2020-09-01,2020-12-31,2,14844785,0.25
Oct 2020,ZAF,59622350,current,2020-09-01,2020-12-31,3,8175072,0.14
Oct 2020,ZAF,59622350,current,2020-09-01,2020-12-31,4,1160087,0.02
Oct 2020,ZAF,59622350,current,2020-09-01,2020-12-31,5,0,0
Oct 2020,ZAF,59622350,first projection,2021-01-01,2021-03-31,all,60124502,1.0
Oct 2020,ZAF,59622350,first projection,2021-01-01,2021-03-31,3+,11795949,0.2
Oct 2020,ZAF,59622350,first projection,2021-01-01,2021-03-31,1,29966227,0.5
Oct 2020,ZAF,59622350,first projection,2021-01-01,2021-03-31,2,18362327,0.31
Oct 2020,ZAF,59622350,first projection,2021-01-01,2021-03-31,3,9598771,0.16
Oct 2020,ZAF,59622350,first projection,2021-01-01,2021-03-31,4,2197177,0.04
Oct 2020,ZAF,59622350,first projection,2021-01-01,2021-03-31,5,0,0
Jul 2024,ZMB,19610769,current,2024-07-01,2024-09-30,all,17329398,1.0
Jul 2024,ZMB,19610769,current,2024-07-01,2024-09-30,3+,4951455,0.29
Jul 2024,ZMB,19610769,current,2024-07-01,2024-09-30,1,5150915,0.3
Jul 2024,ZMB,19610769,current,2024-07-01,2024-09-30,2,7227028,0.42
Jul 2024,ZMB,19610769,current,2024-07-01,2024-09-30,3,4867405,0.28
Jul 2024,ZMB,19610769,current,2024-07-01,2024-09-30,4,84050,0
Jul 2024,ZMB,19610769,current,2024-07-01,2024-09-30,5,0,0
Jul 2024,ZMB,19610769,first projection,2024-10-01,2025-03-31,all,17766278,1.0
Jul 2024,ZMB,19610769,first projection,2024-10-01,2025-03-31,3+,5832342,0.33
Jul 2024,ZMB,19610769,first projection,2024-10-01,2025-03-31,1,4411790,0.25
Jul 2024,ZMB,19610769,first projection,2024-10-01,2025-03-31,2,7522146,0.42
Jul 2024,ZMB,19610769,first projection,2024-10-01,2025-03-31,3,5596655,0.32
Jul 2024,ZMB,19610769,first projection,2024-10-01,2025-03-31,4,235687,0.01
Jul 2024,ZMB,19610769,first projection,2024-10-01,2025-03-31,5,0,0
Oct 2020,ZWE,15557469,current,2020-10-01,2020-12-31,all,9706118,1.0
Oct 2020,ZWE,15557469,current,2020-10-01,2020-12-31,3+,2605477,0.27
Oct 2020,ZWE,15557469,current,2020-10-01,2020-12-31,1,4222501,0.44
Oct 2020,ZWE,15557469,current,2020-10-01,2020-12-31,2,2878140,0.3
Oct 2020,ZWE,15557469,current,2020-10-01,2020-12-31,3,2017242,0.21
Oct 2020,ZWE,15557469,current,2020-10-01,2020-12-31,4,588235,0.06
Oct 2020,ZWE,15557469,current,2020-10-01,2020-12-31,5,0,0
Oct 2020,ZWE,15557469,first projection,2021-01-01,2021-03-31,all,9706118,1.0
Oct 2020,ZWE,15557469,first projection,2021-01-01,2021-03-31,3+,3380232,0.35
Oct 2020,ZWE,15557469,first projection,2021-01-01,2021-03-31,1,3221153,0.33
Oct 2020,ZWE,15557469,first projection,2021-01-01,2021-03-31,2,3104734,0.32
Oct 2020,ZWE,15557469,first projection,2021-01-01,2021-03-31,3,2611638,0.27
Oct 2020,ZWE,15557469,first projection,2021-01-01,2021-03-31,4,768594,0.08
Oct 2020,ZWE,15557469,first projection,2021-01-01,2021-03-31,5,0,0
